<?xml version="1.0" ?>
<LOG_ROOT>
	<PROJECT NAME="small_computer">
		<CBX_INST_ENTRY INSTANCE_NAME="|small_computer|reg_group:inst5|lpm_mux:Mux0" CBX_FILE_NAME="mux_umc.tdf"/>
		<CBX_INST_ENTRY INSTANCE_NAME="|small_computer|reg_group:inst5|lpm_mux:Mux8" CBX_FILE_NAME="mux_umc.tdf"/>
		<CBX_INST_ENTRY INSTANCE_NAME="|small_computer|reg_group:inst5|lpm_mux:Mux1" CBX_FILE_NAME="mux_umc.tdf"/>
		<CBX_INST_ENTRY INSTANCE_NAME="|small_computer|reg_group:inst5|lpm_mux:Mux10" CBX_FILE_NAME="mux_umc.tdf"/>
		<CBX_INST_ENTRY INSTANCE_NAME="|small_computer|reg_group:inst5|lpm_mux:Mux14" CBX_FILE_NAME="mux_umc.tdf"/>
		<CBX_INST_ENTRY INSTANCE_NAME="|small_computer|reg_group:inst5|lpm_mux:Mux5" CBX_FILE_NAME="mux_umc.tdf"/>
		<CBX_INST_ENTRY INSTANCE_NAME="|small_computer|reg_group:inst5|lpm_mux:Mux9" CBX_FILE_NAME="mux_umc.tdf"/>
		<CBX_INST_ENTRY INSTANCE_NAME="|small_computer|reg_group:inst5|lpm_mux:Mux11" CBX_FILE_NAME="mux_umc.tdf"/>
		<CBX_INST_ENTRY INSTANCE_NAME="|small_computer|reg_group:inst5|lpm_mux:Mux15" CBX_FILE_NAME="mux_umc.tdf"/>
		<CBX_INST_ENTRY INSTANCE_NAME="|small_computer|reg_group:inst5|lpm_mux:Mux2" CBX_FILE_NAME="mux_umc.tdf"/>
		<CBX_INST_ENTRY INSTANCE_NAME="|small_computer|reg_group:inst5|lpm_mux:Mux6" CBX_FILE_NAME="mux_umc.tdf"/>
		<CBX_INST_ENTRY INSTANCE_NAME="|small_computer|LPM_RAM_IO:inst1|altram:sram|altsyncram:ram_block" CBX_FILE_NAME="altsyncram_jf91.tdf"/>
		<CBX_INST_ENTRY INSTANCE_NAME="|small_computer|reg_group:inst5|lpm_mux:Mux12" CBX_FILE_NAME="mux_umc.tdf"/>
		<CBX_INST_ENTRY INSTANCE_NAME="|small_computer|reg_group:inst5|lpm_mux:Mux3" CBX_FILE_NAME="mux_umc.tdf"/>
		<CBX_INST_ENTRY INSTANCE_NAME="|small_computer|reg_group:inst5|lpm_mux:Mux7" CBX_FILE_NAME="mux_umc.tdf"/>
		<CBX_INST_ENTRY INSTANCE_NAME="|small_computer|reg_group:inst5|lpm_mux:Mux13" CBX_FILE_NAME="mux_umc.tdf"/>
		<CBX_INST_ENTRY INSTANCE_NAME="|small_computer|reg_group:inst5|lpm_mux:Mux4" CBX_FILE_NAME="mux_umc.tdf"/>
	</PROJECT>
</LOG_ROOT>
